<!-- Alarmio -->
<item component="ComponentInfo{me.jfenn.alarmio/me.jfenn.alarmio.activities.MainActivity}" drawable="alarmio"/>
<!-- Element (Riot.im) -->
<item component="ComponentInfo{im.vector.app/im.vector.riotx.features.Alias}" drawable="elementriot.im"/>
<!-- Fallout Shelter -->
<item component="ComponentInfo{com.bethsoft.falloutshelter/com.bhvr.Prime31MainActivityWithMemoryWarning}" drawable="falloutshelter"/>
<!-- Flym -->
<item component="ComponentInfo{net.frju.flym/net.frju.flym.ui.main.MainActivity}" drawable="flym"/>
<!-- ImgurViewer -->
<item component="ComponentInfo{com.ensoft.imgurviewer/com.ensoft.imgurviewer.view.activity.ImageViewer}" drawable="imgurviewer"/>
<!-- InstaGrabber -->
<item component="ComponentInfo{me.austinhuang.instagrabber/awais.instagrabber.activities.Main}" drawable="instagrabber"/>
<!-- Ma Livebox -->
<item component="ComponentInfo{com.orange.mylivebox.fr/com.orange.mylivebox.fr.gui.startup.StartupActivity}" drawable="malivebox"/>
<!-- Metro -->
<item component="ComponentInfo{io.github.muntashirakon.Music/io.github.muntashirakon.music.activities.MainActivity}" drawable="metro"/>
<!-- Nebulo (F-Droid) -->
<item component="ComponentInfo{com.frostnerd.smokescreen/com.frostnerd.smokescreen.activity.PinActivity}" drawable="nebulof-droid"/>
<!-- Syphon -->
<item component="ComponentInfo{org.tether.tether/org.tether.tether.MainActivity}" drawable="syphon"/>
<!-- TrackerControl -->
<item component="ComponentInfo{net.kollnig.missioncontrol.fdroid/eu.faircode.netguard.ActivityMain}" drawable="trackercontrol"/>
<!-- usageDirect -->
<item component="ComponentInfo{godau.fynn.usagedirect/godau.fynn.usagedirect.AppUsageStatisticsActivity}" drawable="usagedirect"/>
<!-- Warden -->
<item component="ComponentInfo{com.aurora.warden/com.aurora.warden.ui.activities.AuroraActivity}" drawable="warden"/>
